{
   "empirical": {
      "gbytes": {
         "data": [
            [
               "L1", 
               1723.23
            ], 
            [
               "L2", 
               1075.5599999999999
            ], 
            [
               "L3", 
               669.08000000000004
            ], 
            [
               "DRAM", 
               83.0
            ]
         ], 
         "metadata": {
            "TIMESTAMP_DATA": [
               1443587480.04, 
               1443587486.03, 
               1443587493.0699999, 
               1443587467.8299999, 
               1443587473.8900001
            ], 
            "OPENMP_THREADS": 6, 
            "FLOPS": 1, 
            "TIMESTAMP_DB": 1443588476.4006851, 
            "MPI_PROCS": 4
         }
      }, 
      "gflops": {
         "data": [
            [
               "GFLOPs", 
               355.79000000000002
            ]
         ], 
         "metadata": {
            "TIMESTAMP_DATA": [
               1443587830.9100001, 
               1443587826.5899999, 
               1443587852.8800001, 
               1443587839.4000001, 
               1443587845.5699999
            ], 
            "OPENMP_THREADS": 12, 
            "FLOPS": 4, 
            "TIMESTAMP_DB": 1443588476.400177, 
            "MPI_PROCS": 2
         }
      }, 
      "metadata": {
         "ERT_VERSION": "1.1.0", 
         "HOSTNAME": "edison", 
         "CONFIG": {
            "ERT_WORKING_SET_MIN": [
               "1"
            ], 
            "ERT_CFLAGS": [
               "-O3", 
               "-fno-alias", 
               "-fno-fnalias", 
               "-axAVX", 
               "-xAVX", 
               "-DERT_INTEL"
            ], 
            "ERT_CC": [
               "cc"
            ], 
            "ERT_SPEC_GBYTES_L1": [
               "1843.20"
            ], 
            "ERT_MPI_CFLAGS": [], 
            "ERT_MPI_LDFLAGS": [], 
            "ERT_MEMORY_MAX": [
               "1073741824"
            ], 
            "ERT_PROCS_THREADS": [
               "24"
            ], 
            "ERT_LDFLAGS": [], 
            "ERT_LDLIBS": [], 
            "ERT_SPEC_GBYTES_DRAM": [
               "102.40"
            ], 
            "ERT_RUN": [
               "export", 
               "OMP_NUM_THREADS=ERT_OPENMP_THREADS;", 
               "aprun", 
               "-n", 
               "ERT_MPI_PROCS", 
               "-N", 
               "ERT_MPI_PROCS", 
               "-d", 
               "ERT_OPENMP_THREADS", 
               "-S", 
               "`expr", 
               "ERT_MPI_PROCS", 
               "/", 
               "2`", 
               "-ss", 
               "-cc", 
               "numa_node", 
               "ERT_CODE"
            ], 
            "ERT_FLOPS": [
               "1,2,4,8,16"
            ], 
            "ERT_OPENMP_CFLAGS": [
               "-openmp"
            ], 
            "ERT_SPEC_GFLOPS": [
               "460.40"
            ], 
            "ERT_MPI": [
               "True"
            ], 
            "ERT_TRIALS_MIN": [
               "1"
            ], 
            "ERT_DRIVER": [
               "driver1"
            ], 
            "ERT_RESULTS": [
               "Results.edison.nersc.gov.01"
            ], 
            "ERT_OPENMP": [
               "True"
            ], 
            "ERT_MPI_PROCS": [
               "2,4,6,8,12"
            ], 
            "ERT_KERNEL": [
               "kernel1"
            ], 
            "ERT_GPU": [
               false
            ], 
            "ERT_OPENMP_THREADS": [
               "1-24"
            ], 
            "ERT_LD": [
               "cc"
            ], 
            "ERT_NUM_EXPERIMENTS": [
               "5"
            ], 
            "ERT_OPENMP_LDFLAGS": [
               "-openmp"
            ], 
            "ERT_ALIGN": [
               "32"
            ], 
            "ERT_GNUPLOT": [
               "gnuplot"
            ]
         }, 
         "UNAME": [
            "Linux", 
            "nid02819", 
            "3.0.101-0.35.1_1.0502.8640-cray_ari_s", 
            "#1 SMP Wed Feb 18 05:08:48 UTC 2015", 
            "x86_64", 
            "x86_64"
         ]
      }
   }, 
   "spec": {
      "gbytes": {
         "data": [
            [
               "L1", 
               1843.2
            ], 
            [
               "DRAM", 
               102.40000000000001
            ]
         ]
      }, 
      "gflops": {
         "data": [
            [
               "GFLOPs", 
               460.39999999999998
            ]
         ]
      }
   }
}
